Emissions (kg),Costs
9665390.151438508,[55122569.41210192]
75027.15419781116,[2.11422333e+08]
1034063.4539218813,[64550046.64050016]
1993099.7536459505,[61279521.33244196]
2952136.053370023,[59298615.98379312]
3911172.353094093,[57743045.62883265]
4870208.652818168,[56664755.38938137]
5829244.952542232,[55996255.55447884]
6788281.252266296,[55593739.78639563]
7747317.551990368,[55316546.9688901]
8706353.851714443,[55165748.66061628]
