Emissions (kg),Costs
23197812.55533761,[70659135.75062773]
13643029.754265657,[1.94963548e+08]
14598508.034372857,[81326153.61063124]
15553986.314480059,[76816416.64354815]
16509464.594587259,[74511680.01322693]
17464942.874694448,[73203482.08317617]
18420421.15480163,[72222441.66423433]
19375899.434908833,[71564263.32007213]
20331377.715016004,[71129937.94639684]
21286855.995123204,[70831649.2598128]
22242334.275230385,[70700614.14486076]
