Emissions (kg),Costs
10015155.030264482,[55565061.73515928]
62795.682390657224,[1.78249252e+08]
1058031.6171780396,[65847446.88064054]
2053267.5519654243,[61277736.19079183]
3048503.486752803,[59140354.95094484]
4043739.4215401886,[57824661.60757124]
5038975.35632757,[56867335.32193364]
6034211.291114951,[56289997.0977725]
7029447.225902325,[55923515.68199871]
8024683.160689714,[55719163.78044482]
9019919.095477091,[55607850.66851982]
