Emissions (kg),Costs
104532320.5025,[1.12777206e+08]
101649696.60489696,[1.10502575e+08]
73376534.60937053,[89788378.83021873]
23197812.55533761,[70659135.75062773]
