Jobs,Costs
4.716119816719634,[1.0188362e+08]
46.35893906996019,[91024998.26711857]
1255.1722415600489,[73585971.22509934]
[5439.33152066],[55847551.73040267]
