Emissions (kg),Costs
96664615.49118243,[1.02078147e+08]
92923926.27470481,[98516583.97536422]
63371898.24107745,[76435742.76851258]
10015155.030264482,[55565061.73515928]
