Emissions (kg),Costs
94803992.31710292,[1.0188362e+08]
85803282.56153171,[91024998.26711857]
60663841.7114503,[73585971.22509934]
8424730.612638583,[55847551.73040267]
