Emissions (kg),Costs
102669462.84625,[1.09672376e+08]
92923926.2747048,[98516583.97536421]
63180016.23216623,[76234520.20423153]
9665390.151438508,[55122569.41210192]
