Jobs,Costs
[5181.75931163],[55122569.41210192]
[1.90548],[1.09672376e+08]
[5181.75931163],[55122569.41210192]
[5181.75931163],[55122569.41210192]
[5181.75931163],[55122569.41210192]
[5181.75931163],[55122569.41210192]
[5181.75931163],[55122569.41210192]
[5181.75931163],[55122569.41210192]
[5181.75931163],[55122569.41210192]
[5181.75931163],[55122569.41210192]
[5181.75931163],[55122569.41210192]
