Jobs,Costs
[5205.07604231],[55565061.73515928]
[14248.8692],[1.15249252e+08]
[6109.45535808],[57241067.16969857]
[7013.83467385],[61742870.27493728]
[7918.21398962],[67510188.38436861]
[8822.59330538],[73675542.04466909]
[9726.97262115],[79978076.63604397]
[10631.35193692],[86444986.3505724]
[11535.73125269],[92979757.49159217]
[12440.11056846],[99564598.57973045]
[13344.48988423],[1.06161302e+08]
