Jobs,Costs
[5049.52004597],[70659135.75062773]
[20706.30552],[2.12463548e+08]
[6615.19859338],[75791548.10503112]
[8180.87714078],[85915389.15871714]
[9746.55568818],[96813948.2233318]
[11312.23423558],[1.08087675e+08]
[12877.91278299],[1.1949898e+08]
[14443.59133039],[1.34458211e+08]
[16009.26987779],[1.53959545e+08]
[17574.94842519],[1.7346088e+08]
