Jobs,Costs
[5439.33152066],[55847551.73040267]
[14270.0337311],[1.17738447e+08]
[7134.59068162],[63700139.26313863]
[6708.77996891],[60040276.52827606]
[6439.87982765],[58546400.80987705]
[6233.57547748],[57562332.03300805]
[6067.28302578],[56914825.67626266]
[5920.68069521],[56487522.00044799]
[5778.22927709],[56199960.52134612]
[5659.91068658],[56017548.55044901]
[5543.68544148],[55890458.6570394]
