Jobs,Costs
[5181.75931163],[55122569.41210192]
[14248.8692],[1.15265603e+08]
[7359.91072911],[64531771.0463305]
[6888.8522468],[61273485.68290003]
[6543.67280557],[59294205.89808768]
[6251.11806948],[57740381.46765174]
[5997.10762752],[56663289.15632549]
[5782.91061019],[55995579.46510796]
[5606.5808238],[55593419.08399418]
[5445.35680575],[55316377.15359927]
[5308.36959686],[55165720.38687064]
