Jobs,Costs
[5205.07604231],[55565061.73515928]
[19306.8692],[1.78249252e+08]
[6615.25535808],[59529034.11097199]
[8025.43467385],[68230166.14669032]
[9435.61398962],[77931454.18502818]
[10845.79330538],[87987115.37268701]
[12255.97262115],[98222794.60691021]
[13666.15193692],[1.08509882e+08]
[15076.33125269],[1.25457639e+08]
[16486.51056846],[1.4302215e+08]
[17896.68988423],[1.60586661e+08]
